領域,行,学年,この表での単元名,eboardの単元ID,eboardの単元名,動画の本数
"A 数と計算","数のしくみ","1年","10までのかず","158","10までのかず","3"
"A 数と計算","数のしくみ","1年","20までのかず","161","20までのかず","1"
"A 数と計算","数のしくみ","1年","100までのかず","163","100までのかず","3"
"A 数と計算","数のしくみ","2年","100より大きい数（3けたの数）","170","100より大きい数（３けたの数）","4"
"A 数と計算","数のしくみ","2年","1000より大きい数","177","1000より大きい数","3"
"A 数と計算","数のしくみ","3年","大きな数と数直線","183","大きな数と計算","6"
"A 数と計算","数のしくみ","3年","10倍・100倍、÷10","183","大きな数と計算","3"
"A 数と計算","数のしくみ","4年","大きな数（億・兆）","222","大きな数（億、兆）とかけ算","2"
"A 数と計算","数のしくみ","4年","がい数（およその数）","258","がい数（およその数）","8"
"A 数と計算","数のしくみ","5年","整数と小数","554","整数と小数","3"
"A 数と計算","数のしくみ","5年","倍数と約数","268","倍数と約数","10"
"A 数と計算","たし算・ひき算","1年","たしざん","159","たしざん","3"
"A 数と計算","たし算・ひき算","1年","ひきざん","160","ひきざん","3"
"A 数と計算","たし算・ひき算","1年","20までのたしざん・ひきざん","161","20までのかず","4"
"A 数と計算","たし算・ひき算","1年","10よりおおきいたしざん、ひきざん","162","10よりおおきいたしざん、ひきざん","4"
"A 数と計算","たし算・ひき算","1年","100までのたしざん、ひきざん","544","100までのたしざん、ひきざん","3"
"A 数と計算","たし算・ひき算","1年","たしざん、ひきざんのぶんしょうだい","164","たしざん、ひきざんのぶんしょうだい","3"
"A 数と計算","たし算・ひき算","2年","２けた+１けたのたしざん","166","２けた+１けたのたしざん","6"
"A 数と計算","たし算・ひき算","2年","２けた－１けたのひきざん","167","２けた－１けたのひきざん","6"
"A 数と計算","たし算・ひき算","2年","２けたのひっさん","169","２けたのひっさん","5"
"A 数と計算","たし算・ひき算","2年","２けたのたし算","172","２けたのたし算","4"
"A 数と計算","たし算・ひき算","2年","３けた－２けたのひき算","173","３けた－２けたのひき算","5"
"A 数と計算","たし算・ひき算","2年","3けたのたし算・ひき算","170","100より大きい数（３けたの数）","1"
"A 数と計算","たし算・ひき算","2年","計算のくふう","536","計算のくふう","3"
"A 数と計算","たし算・ひき算","2年","文しょうだい（図・ちがい）","179","文しょうだい（２年生）","4"
"A 数と計算","たし算・ひき算","3年","３けたのたし算、ひき算（筆算）","182","３けたのたし算、ひき算（筆算）","5"
"A 数と計算","たし算・ひき算","3年","暗算で計算しよう","547","暗算で計算しよう","3"
"A 数と計算","たし算・ひき算","4年","計算のきまり","223","計算のきまり","6"
"A 数と計算","かけ算","2年","かけ算と九九","174","かけ算と九九","7"
"A 数と計算","かけ算","2年","九九のきまり","537","九九のきまり","2"
"A 数と計算","かけ算","2年","文しょうだい（かけ算）","179","文しょうだい（２年生）","1"
"A 数と計算","かけ算","3年","かけ算のおさらい","540","かけ算のおさらい","5"
"A 数と計算","かけ算","3年","かけ算の筆算（×１けた）","212","かけ算の筆算（×１けた）","7"
"A 数と計算","かけ算","3年","×２けたの筆算","217","×２けたの筆算","6"
"A 数と計算","かけ算","3年","文章題（３年生）","219","文章題（３年生）","4"
"A 数と計算","かけ算","4年","×3けたのかけ算","222","大きな数（億、兆）とかけ算","2"
"A 数と計算","わり算","3年","わり算","180","わり算","6"
"A 数と計算","わり算","3年","九九にないわり算","546","九九にないわり算","3"
"A 数と計算","わり算","3年","あまりのあるわり算","187","あまりのあるわり算","5"
"A 数と計算","わり算","4年","わり算の筆算","221","わり算の筆算","7"
"A 数と計算","わり算","4年","２けたでわる わり算の筆算","257","２けたでわる わり算の筆算","10"
"A 数と計算","小数","3年","小数（３年生）","216","小数（３年生）","7"
"A 数と計算","小数","4年","小数（４年生）","225","小数（４年生）","6"
"A 数と計算","小数","4年","小数×整数","260","小数×整数","5"
"A 数と計算","小数","4年","小数÷整数","263","小数÷整数","10"
"A 数と計算","小数","5年","小数×小数","265","小数×小数","7"
"A 数と計算","小数","5年","小数÷小数","266","小数÷小数","8"
"A 数と計算","分数","2年","分数（２年生）","538","分数（２年生）","3"
"A 数と計算","分数","3年","分数（３年生）","214","分数（３年生）","6"
"A 数と計算","分数","4年","仮分数と帯分数","261","仮分数と帯分数","9"
"A 数と計算","分数","5年","約分と通分","269","約分と通分","8"
"A 数と計算","分数","5年","分数と小数","271","分数と小数","4"
"A 数と計算","分数","6年","分数のかけ算","282","分数のかけ算","5"
"A 数と計算","分数","6年","分数のわり算","556","分数のわり算","6"
"A 数と計算","式と文字","3年","□が入った式","218","□が入った式","4"
"A 数と計算","式と文字","6年","文字と式","283","文字と式","5"
"B 図形","図形","2年","三角形と四角形","175","三角形と四角形","6"
"B 図形","図形","2年","はこの形","539","はこの形","3"
"B 図形","図形","3年","円と球（きゅう）","181","円と球（きゅう）","3"
"B 図形","図形","3年","三角形","186","三角形","3"
"B 図形","図形","4年","角","220","角","5"
"B 図形","図形","4年","直線と四角形","259","直線と四角形","9"
"B 図形","図形","4年","面積","226","面積","10"
"B 図形","図形","4年","直方体と立方体","262","直方体と立方体","8"
"B 図形","図形","5年","体積","264","体積","7"
"B 図形","図形","5年","合同な図形、内角","267","合同な図形、内角","8"
"B 図形","図形","5年","三角形・四角形の面積","270","三角形・四角形の面積","8"
"B 図形","図形","5年","円と多角形","276","円と多角形","4"
"B 図形","図形","5年","角柱と円柱","555","角柱と円柱","5"
"B 図形","図形","6年","対称な図形","281","対称な図形","7"
"B 図形","図形","6年","拡大と縮小","285","拡大と縮小","4"
"B 図形","図形","6年","円の面積、立体の体積","288","円の面積、立体の体積","7"
"C 測定（1〜3年）→ 変化と関係（4〜6年）","量と単位","2年","ながさをはかる","168","ながさをはかる","5"
"C 測定（1〜3年）→ 変化と関係（4〜6年）","量と単位","2年","かさをあらわす","171","かさをあらわす","6"
"C 測定（1〜3年）→ 変化と関係（4〜6年）","量と単位","2年","メートルであらわす","545","メートルであらわす","2"
"C 測定（1〜3年）→ 変化と関係（4〜6年）","量と単位","3年","長さをあらわす：km（キロメートル）","185","長さをあらわす：km（キロメートル）","3"
"C 測定（1〜3年）→ 変化と関係（4〜6年）","量と単位","3年","重さをあらわす","213","重さをあらわす","5"
"C 測定（1〜3年）→ 変化と関係（4〜6年）","時こくと時間","1年","とけいをよむ","534","とけいをよむ","2"
"C 測定（1〜3年）→ 変化と関係（4〜6年）","時こくと時間","2年","時間と生活","165","時間と生活","4"
"C 測定（1〜3年）→ 変化と関係（4〜6年）","時こくと時間","3年","時間と時こく","184","時間と時こく","5"
"C 測定（1〜3年）→ 変化と関係（4〜6年）","変化と関係","4年","倍の見方と割合","541","倍の見方と割合","4"
"C 測定（1〜3年）→ 変化と関係（4〜6年）","変化と関係","4年","変わり方調べ（４年生）","542","変わり方調べ（４年生）","2"
"C 測定（1〜3年）→ 変化と関係（4〜6年）","変化と関係","5年","平均、単位量あたりの大きさ","272","平均、単位量あたりの大きさ","7"
"C 測定（1〜3年）→ 変化と関係（4〜6年）","変化と関係","5年","速さ","286","速さ","8"
"C 測定（1〜3年）→ 変化と関係（4〜6年）","変化と関係","5年","割合","273","割合","8"
"C 測定（1〜3年）→ 変化と関係（4〜6年）","変化と関係","5年","百分率と歩合","274","百分率と歩合","8"
"C 測定（1〜3年）→ 変化と関係（4〜6年）","変化と関係","5年","比例","553","比例","2"
"C 測定（1〜3年）→ 変化と関係（4〜6年）","変化と関係","5年","変わり方調べ（５年生）","700","変わり方調べ（５年生）","2"
"C 測定（1〜3年）→ 変化と関係（4〜6年）","変化と関係","6年","比","284","比","7"
"C 測定（1〜3年）→ 変化と関係（4〜6年）","変化と関係","6年","比例と反比例","287","比例と反比例","10"
"D データの活用","データの活用","2年","グラフとひょう","535","グラフとひょう","2"
"D データの活用","データの活用","3年","表とぼうグラフ","215","表とぼうグラフ","5"
"D データの活用","データの活用","4年","折れ線グラフ","224","折れ線グラフ","3"
"D データの活用","データの活用","5年","帯グラフと円グラフ","275","帯グラフと円グラフ","5"
"D データの活用","データの活用","6年","データの調べ方","290","データの調べ方","4"
"D データの活用","データの活用","6年","場合の数","289","場合の数","6"